planner,terrain,density,seed,obsFrac,numUAV,mission_time_s,fleet_energy_MJ,energy_per_UAV_MJ,HPC_pct,sorties,energy_per_bit_J,any_collision,met_hpc_target,composite_score,is_optimal_for_seed
priority,hilly,low,31002,0,1,6357.5,11.4599813633072,11.4599813633072,86.2010221465077,13,1102.98976414557,0,1,0.46776389879385,0
priority,hilly,low,31002,0,2,3498.75,10.5930247081381,5.29651235406903,86.7688813174333,12,1074.14088203757,0,1,0.0674663758633224,0
priority,hilly,low,31002,0,3,2918.75,11.5033710211138,3.83445700703792,85.9170925610449,13,1076.00609738495,0,1,0.0526807492914218,1
priority,hilly,low,31002,0,4,3313.75,13.248531605333,3.31213290133325,85.6899488926746,15,1131.97315168737,0,1,0.233666603613113,0
priority,hilly,low,31002,0,5,3826.25,12.3557900167082,2.47115800334165,86.541737649063,14,1266.92033548454,1,1,8.33050821963767,0
priority,hilly,low,31002,0,6,4893.75,14.1338620312698,2.35564367187831,86.03066439523,16,1381.91115856897,1,1,8.62993957336435,0
priority,hilly,low,31002,0,7,4546.25,14.1332957997397,2.01904225710567,86.03066439523,16,1423.04826041992,0,1,0.616220289487297,0
priority,hilly,low,31002,0,8,4042.5,15.0191182596165,1.87738978245206,86.7120954003407,17,1335.58858802636,1,1,8.55086672739502,0
priority,hilly,low,31002,0,9,4170,15.0140494350271,1.66822771500301,85.6899488926746,17,1434.93412183789,1,1,8.62997431343033,0
priority,hilly,low,31002,0,10,4510,15.8992509304165,1.58992509304165,86.8256672345258,18,1535.76086341367,1,1,8.78509632860778,0
priority,hilly,low,31003,0,1,5531.25,9.69647690418347,9.69647690418347,85.8585858585859,11,1060.61592093792,0,1,0.41236620287811,0
priority,hilly,low,31003,0,2,3526.25,10.5919229870795,5.29596149353976,86.2514029180696,12,1050.13300075689,0,1,0.157316250205399,0
priority,hilly,low,31003,0,3,2912.5,11.5072101636516,3.8357367212172,87.2615039281706,13,1046.80216400438,0,1,0.122517358175518,1
priority,hilly,low,31003,0,4,3192.5,13.2664099584774,3.31660248961936,87.2053872053872,15,1083.11473116954,1,1,8.31682371476152,0
priority,hilly,low,31003,0,5,3055,12.3743870743176,2.47487741486353,86.8686868686869,14,1118.09998459077,1,1,8.26678463225465,0
priority,hilly,low,31003,0,6,3851.25,13.2657586663565,2.21095977772609,86.5319865319865,15,1202.22115963627,1,1,8.5240253478483,0
priority,hilly,low,31003,0,7,3670,13.2434725350808,1.89192464786869,85.9147025813693,15,1251.14995743662,1,1,8.538633977294,0
priority,hilly,low,31003,0,8,3443.75,13.2661573918375,1.65826967397969,86.1391694725028,15,1263.159540798,1,1,8.51636149158108,0
priority,hilly,low,31003,0,9,3276.25,13.2769691760314,1.47521879733682,85.9147025813693,15,1286.89304521991,1,1,8.51275476265748,0
priority,hilly,low,31003,0,10,3607.5,14.1302974332078,1.41302974332078,85.5780022446689,16,1381.919347582,1,1,8.70615751789976,0
priority,hilly,low,31004,0,1,6515,11.4604917680176,11.4604917680176,85.3110599078341,13,1082.11842649417,0,1,0.458118621806451,0
priority,hilly,low,31004,0,2,3531.25,10.6032784263006,5.30163921315029,86.0023041474654,12,1086.33501086193,0,1,0.0851061577825933,1
priority,hilly,low,31004,0,3,3358.75,13.2554046479296,4.41846821597652,86.9815668202765,15,1089.05433591382,0,1,0.248818772456966,0
priority,hilly,low,31004,0,4,3177.5,13.2745690131351,3.31864225328379,86.2903225806452,15,1105.3129985536,0,1,0.244595776287565,0
priority,hilly,low,31004,0,5,3756.25,13.271121608194,2.65422432163881,86.9239631336406,15,1218.79748132135,1,1,8.40262655113443,0
priority,hilly,low,31004,0,6,2767.5,11.5069259252291,1.91782098753818,85.36866359447,13,1191.76379927773,1,1,8.15449262764563,0
priority,hilly,low,31004,0,7,4545,15.0055260440433,2.14364657772047,86.4055299539171,17,1399.83073621805,1,1,8.7583309564546,0
priority,hilly,low,31004,0,8,3593.75,14.1384043116986,1.76730053896232,87.0967741935484,16,1305.51930453586,1,1,8.51781805833451,0
priority,hilly,low,31004,0,9,3665,14.1329932694507,1.57033258549452,85.5990783410138,16,1360.17873827963,1,1,8.57153035420408,0
priority,hilly,low,31004,0,10,3807.5,15.0280908964158,1.50280908964158,86.8087557603687,17,1434.95652458253,1,1,8.71100733822548,0
priority,hilly,low,31005,0,1,6072.5,10.5787884501442,10.5787884501442,85.8750703432752,12,1056.48845427401,0,1,0.412962231888562,0
priority,hilly,low,31005,0,2,3820,11.4761928674746,5.73809643373732,85.9313449634215,13,1042.56964729855,0,1,0.187126599764032,0
priority,hilly,low,31005,0,3,2891.25,11.4913212297873,3.83044040992911,85.5374226223973,13,1063.93491057109,0,1,0.0952980458027693,1
priority,hilly,low,31005,0,4,2777.5,12.3755422562173,3.09388556405434,86.0438942037141,14,1085.25501909153,0,1,0.161025507472993,0
priority,hilly,low,31005,0,5,3200,12.3776852281882,2.47553704563764,86.381541924592,14,1123.4648869602,0,1,0.248043863360368,0
priority,hilly,low,31005,0,6,2856.25,12.3865032943975,2.06441721573291,87.450759707372,14,1140.78812174566,1,1,8.22304184297606,0
priority,hilly,low,31005,0,7,3058.75,13.2596588913665,1.89423698448094,86.1001688238604,15,1189.2820529348,1,1,8.35172022643594,0
priority,hilly,low,31005,0,8,4070,14.1508012063462,1.76885015079327,86.5503657850309,16,1364.70877646524,1,1,8.69800099056387,0
priority,hilly,low,31005,0,9,3926.25,15.0234959719395,1.6692773302155,86.7754642656162,17,1321.13070532703,1,1,8.69887056545199,0
priority,hilly,low,31005,0,10,3236.25,14.152398860923,1.4152398860923,85.9876195835678,16,1282.04528026641,1,1,8.51991244805115,0
priority,hilly,low,31006,0,1,5951.25,10.5774064491269,10.5774064491269,85.481148002251,12,1110.88799241566,0,1,0.411501145365157,0
priority,hilly,low,31006,0,2,3511.25,10.5884673710405,5.29423368552025,86.2689926842994,12,1110.79143144243,0,1,0.102941452711189,0
priority,hilly,low,31006,0,3,2921.25,11.5056311847915,3.83521039493049,86.7754642656162,13,1095.98507186154,0,1,0.0681930504513997,1
priority,hilly,low,31006,0,4,2793.75,12.3753089181449,3.09382722953623,85.5936972425436,14,1126.87106528855,1,1,8.12463550314875,0
priority,hilly,low,31006,0,5,2875,12.371549965464,2.4743099930928,85.481148002251,14,1144.15431677229,0,1,0.148055846739863,0
priority,hilly,low,31006,0,6,3855,13.2395691962663,2.20659486604439,87.3944850872257,15,1289.9098545255,1,1,8.43335534211814,0
priority,hilly,low,31006,0,7,3237.5,13.2527143571863,1.89324490816947,86.7191896454699,15,1273.49806888153,1,1,8.34320028876166,0
priority,hilly,low,31006,0,8,3416.25,13.2435725766434,1.65544657208043,86.0438942037141,15,1324.55925440394,1,1,8.40473809192583,0
priority,hilly,low,31006,0,9,3545,14.1389852236832,1.57099835818702,86.7754642656162,16,1355.04140114645,1,1,8.49477410308232,0
priority,hilly,low,31006,0,10,4247.5,15.9283269237171,1.59283269237171,86.6066404051773,18,1484.71819576244,1,1,8.78416468725257,0
priority,hilly,low,31007,0,1,5968.75,10.5779983616658,10.5779983616658,85.7545045045045,12,1094.86368890492,0,1,0.419095591877207,0
priority,hilly,low,31007,0,2,3797.5,11.4727775834867,5.73638879174335,85.9234234234234,13,1089.52191844765,0,1,0.19148220757419,0
priority,hilly,low,31007,0,3,3368.75,13.2512097364005,4.41706991213352,85.6418918918919,15,1086.04709867674,0,1,0.252483768913422,0
priority,hilly,low,31007,0,4,2907.5,12.3892593333766,3.09731483334414,86.5427927927928,14,1070.21601284004,0,1,0.12192641389849,1
priority,hilly,low,31007,0,5,3155,13.2681378600919,2.65362757201837,85.4166666666667,15,1150.07047883459,0,1,0.275295138076526,0
priority,hilly,low,31007,0,6,3236.25,13.2663634085592,2.2110605680932,85.1351351351351,15,1166.46042866441,1,1,8.29849025157245,0
priority,hilly,low,31007,0,7,3438.75,13.253403280084,1.89334332572629,85.7545045045045,15,1278.55988819339,1,1,8.41092577883524,0
priority,hilly,low,31007,0,8,3973.75,15.0346068531254,1.87932585664067,85.1914414414414,17,1335.21581449566,1,1,8.64462867044658,0
priority,hilly,low,31007,0,9,3608.75,14.1340112757505,1.57044569730562,85.4166666666667,16,1345.95274111249,1,1,8.54462980519414,0
priority,hilly,low,31007,0,10,3751.25,14.1297816690207,1.41297816690207,85.4166666666667,16,1457.44165460137,1,1,8.64934008381002,0
priority,hilly,medium,31022,0,1,5995,10.5833542232335,10.5833542232335,87.0913190529876,12,1082.61525189654,0,1,0.429366974820619,0
priority,hilly,medium,31022,0,2,3556.25,10.5915327258263,5.29576636291317,86.5839909808343,12,1047.1241263736,0,1,0.0918915711104196,0
priority,hilly,medium,31022,0,3,2926.25,11.4810543653276,3.82701812177585,86.6403607666291,13,1055.83347169795,0,1,0.0686699997200871,1
priority,hilly,medium,31022,0,4,2850,12.3814620012615,3.09536550031539,85.4002254791432,14,1045.07108956821,0,1,0.101259973727754,0
priority,hilly,medium,31022,0,5,3013.75,12.3878051570168,2.47756103140335,85.0620067643743,14,1111.08800394483,0,1,0.174082205143437,0
priority,hilly,medium,31022,0,6,3355,12.3608818706269,2.06014697843782,85.7384441939121,14,1225.50198833018,1,1,8.30546266145648,0
priority,hilly,medium,31022,0,7,3537.5,14.1509917229568,2.02157024613669,87.4295377677565,16,1220.66272993543,1,1,8.42569842178251,0
priority,hilly,medium,31022,0,8,3052.5,13.262136446435,1.65776705580438,86.4712514092446,15,1219.14599104614,1,1,8.31277116213923,0
priority,hilly,medium,31022,0,9,3220,13.2458447248689,1.47176052498544,86.4712514092446,15,1295.86272701295,1,1,8.39316504463465,0
priority,hilly,medium,31022,0,10,4132.5,15.9105562118369,1.59105562118369,86.4712514092446,18,1428.60561320569,1,1,8.7631160572337,0
priority,hilly,medium,31023,0,1,6023.75,10.5756263235485,10.5756263235485,87.010777084515,12,1048.63152581937,0,1,0.4,0
priority,hilly,medium,31023,0,2,3783.75,11.4893299409717,5.74466497048584,85.9330686330119,13,1065.41610160101,0,1,0.188408663452338,0
priority,hilly,medium,31023,0,3,2870,11.4942856267491,3.8314285422497,85.7629041406693,13,1085.13113366704,0,1,0.0856628187012081,1
priority,hilly,medium,31023,0,4,3176.25,13.2649332175267,3.31623330438169,86.6704480998298,15,1082.78398463179,0,1,0.242364439418141,0
priority,hilly,medium,31023,0,5,3175,14.1468096025001,2.82936192050002,85.7061826432218,16,1096.40358476959,1,1,8.31051778018485,0
priority,hilly,medium,31023,0,6,3321.25,13.2561853826516,2.20936423044194,86.9540555870675,15,1158.57359522175,1,1,8.30942494035166,0
priority,hilly,medium,31023,0,7,3221.25,13.2513991933521,1.89305702762173,85.4792966534316,15,1207.40929432453,1,1,8.32815971973375,0
priority,hilly,medium,31023,0,8,3340,13.2616028989611,1.65770036237013,87.3511060692002,15,1257.30884565335,1,1,8.37634138068548,0
priority,hilly,medium,31023,0,9,4073.75,15.0250670647149,1.66945189607944,85.5360181508792,17,1404.77353683815,1,1,8.68415014371383,0
priority,hilly,medium,31023,0,10,4272.5,15.0177453104922,1.50177453104922,85.195689166194,17,1510.20498016116,1,1,8.77738980860708,0
priority,hilly,medium,31024,0,1,5530,9.69789237007515,9.69789237007515,85.2695942190106,11,1035.72863543079,0,1,0.403735398338821,0
priority,hilly,medium,31024,0,2,3833.75,11.4849683061396,5.74248415306982,86.8260144524736,13,1031.46552175321,0,1,0.238973932729265,1
priority,hilly,medium,31024,0,3,3353.75,13.2672468937726,4.42241563125754,85.32518065592,15,1032.42343706302,0,1,0.265813732498624,0
priority,hilly,medium,31024,0,4,2932.5,12.3979492307549,3.09948730768873,85.2695942190106,14,1038.35799157537,1,1,8.15740923845664,0
priority,hilly,medium,31024,0,5,3182.5,14.1554235258015,2.83108470516029,87.0483602001112,16,1085.09657105168,0,1,0.335387892364492,0
priority,hilly,medium,31024,0,6,3298.75,13.2625730330079,2.21042883883465,86.2145636464703,15,1163.87396496701,1,1,8.37226077030428,0
priority,hilly,medium,31024,0,7,3493.75,13.2487412002255,1.89267731431792,85.7142857142857,15,1223.77409653582,1,1,8.45399951933222,0
priority,hilly,medium,31024,0,8,4207.5,14.1361041267294,1.76701301584118,85.1584213451918,16,1373.84777587128,1,1,8.74515663679258,0
priority,hilly,medium,31024,0,9,4007.5,15.0226996867883,1.66918885408759,85.9922178988327,17,1364.04735027544,1,1,8.75547464015581,0
priority,hilly,medium,31024,0,10,3711.25,15.0491327701927,1.50491327701927,86.3813229571984,17,1311.10671525962,1,1,8.66494843000252,0
priority,hilly,medium,31025,0,1,6338.75,11.4571812050771,11.4571812050771,85.5072463768116,13,1104.50560528721,0,1,0.421879946795737,0
priority,hilly,medium,31025,0,2,3808.75,11.4740955541164,5.7370477770582,85.5629877369008,13,1078.95884417614,0,1,0.0963817737961919,0
priority,hilly,medium,31025,0,3,3136.25,12.3810098297228,4.12700327657426,85.9531772575251,14,1072.80138531963,0,1,0.0711182793394765,1
priority,hilly,medium,31025,0,4,3063.75,13.2546382839677,3.31365957099193,86.3433667781494,15,1122.1312877752,0,1,0.155187202918801,0
priority,hilly,medium,31025,0,5,3067.5,13.2890892758981,2.65781785517963,85.2285395763657,15,1147.10675858141,1,1,8.17520336667111,0
priority,hilly,medium,31025,0,6,3211.25,13.2690824884901,2.21151374808169,86.6778149386845,15,1186.07261499966,1,1,8.21830362040919,0
priority,hilly,medium,31025,0,7,3096.25,13.2632400902045,1.89474858431492,85.6744704570792,15,1214.12040621222,1,1,8.22322060411275,0
priority,hilly,medium,31025,0,8,3597.5,14.148719034286,1.76858987928575,86.1204013377926,16,1294.97832771093,1,1,8.39992289727526,0
priority,hilly,medium,31025,0,9,4212.5,15.025926557957,1.66954739532855,85.8416945373467,17,1448.41935213172,1,1,8.64005242965017,0
priority,hilly,medium,31025,0,10,4360,15.9084150693935,1.59084150693935,86.0646599777035,18,1507.50381302969,1,1,8.75832061068702,0
priority,hilly,medium,31026,0,1,6431.25,11.4590945389618,11.4590945389618,87.2125630959058,13,1090.74718576053,0,1,0.41926734236803,0
priority,hilly,medium,31026,0,2,3796.25,11.4784913969745,5.73924569848727,85.9226023555805,13,1084.12150976776,0,1,0.114117742938707,0
priority,hilly,medium,31026,0,3,2933.75,11.4849154119184,3.82830513730614,86.7077958496915,13,1065.70146337798,0,1,0.00173794404743328,1
priority,hilly,medium,31026,0,4,3077.5,12.3808181217983,3.09520453044959,87.4369040942232,14,1081.95107236787,0,1,0.0909800348100633,0
priority,hilly,medium,31026,0,5,3210,14.1458625471077,2.82917250942154,85.9786876051598,16,1127.51310673967,1,1,8.25998509860061,0
priority,hilly,medium,31026,0,6,3893.75,13.256030743956,2.20933845732601,86.0908581043186,15,1251.89007951164,1,1,8.37397282061479,0
priority,hilly,medium,31026,0,7,3428.75,14.150945357016,2.02156362243086,85.0813236118901,16,1239.34921470566,1,1,8.37137911685328,0
priority,hilly,medium,31026,0,8,3435,14.133242210006,1.76665527625076,85.6421761076837,16,1262.3627912183,1,1,8.38860639417813,0
priority,hilly,medium,31026,0,9,4540,15.9057395599109,1.76730439554566,86.2030286034773,18,1455.67308329546,1,1,8.78299617592167,0
priority,hilly,medium,31026,0,10,3983.75,15.916235664083,1.5916235664083,86.8199663488503,18,1383.85372984993,1,1,8.66483609856922,0
priority,hilly,medium,31027,0,1,6085,10.5715034021066,10.5715034021066,87.2364039955605,12,1054.15650582302,0,1,0.411212273173957,0
priority,hilly,medium,31027,0,2,4183.75,12.3707241678639,6.18536208393195,86.9034406215316,14,1037.6352817888,0,1,0.263073594094969,0
priority,hilly,medium,31027,0,3,3156.25,12.3595223011827,4.1198407670609,85.6270810210877,14,1054.65600507905,0,1,0.14520400117775,1
priority,hilly,medium,31027,0,4,2893.75,11.4854147810731,2.87135369526827,86.0710321864595,13,1074.41222498999,1,1,8.07645555210597,0
priority,hilly,medium,31027,0,5,3037.5,12.3833537585569,2.47667075171139,85.0721420643729,14,1117.46526555525,1,1,8.17428844680884,0
priority,hilly,medium,31027,0,6,3688.75,13.2439905734242,2.20733176223737,86.5704772475028,15,1219.33084534625,1,1,8.37354454209701,0
priority,hilly,medium,31027,0,7,3602.5,13.2388265641346,1.89126093773352,86.6259711431743,15,1254.89110469032,1,1,8.38657603362042,0
priority,hilly,medium,31027,0,8,4775,15.0124453125052,1.87655566406315,85.2941176470588,17,1479.64421437978,1,1,8.78600991199378,0
priority,hilly,medium,31027,0,9,4197.5,15.0042101961598,1.66713446623997,85.9600443951165,17,1390.05492321527,1,1,8.65235989950564,0
priority,hilly,medium,31027,0,10,4347.5,15.8956148468525,1.58956148468525,86.6259711431743,18,1479.6836633585,1,1,8.7822169996083,0
priority,hilly,high,31042,0,1,5930,10.5821944495303,10.5821944495303,86.7545871559633,12,1087.94243745723,0,1,0.418551492973048,0
priority,hilly,high,31042,0,2,3780,11.4831694976265,5.74158474881323,86.1811926605505,13,1092.75925740325,0,1,0.20774797226678,0
priority,hilly,high,31042,0,3,2911.25,11.4711115199425,3.82370383998085,85.6651376146789,13,1077.26667884556,0,1,0.0827060592251096,0
priority,hilly,high,31042,0,4,2810,11.4908774109607,2.87271935274018,85.493119266055,13,1065.57488579523,0,1,0.0613629798758386,1
priority,hilly,high,31042,0,5,3063.75,13.2679399260898,2.65358798521795,86.3532110091743,15,1127.81216847248,0,1,0.265518491368318,0
priority,hilly,high,31042,0,6,3052.5,12.381498671792,2.06358311196533,87.3279816513761,14,1193.37390380694,1,1,8.25859162776438,0
priority,hilly,high,31042,0,7,3757.5,13.2416606373563,1.89166580533661,85.3211009174312,15,1303.72892925409,1,1,8.49859031695436,0
priority,hilly,high,31042,0,8,3503.75,14.1374393013456,1.7671799126682,86.4105504587156,16,1280.50245120068,1,1,8.50728594315162,0
priority,hilly,high,31042,0,9,3948.75,15.0186547943543,1.66873942159493,85.2064220183486,17,1374.53810485745,1,1,8.70183786056985,0
priority,hilly,high,31042,0,10,4006.25,15.0246920104493,1.50246920104493,86.0091743119266,17,1427.28515398482,1,1,8.75336538461539,0
priority,hilly,high,31043,0,1,5573.75,9.69769027424578,9.69769027424578,85.5203619909502,11,1036.55876542062,0,1,0.4,0
priority,hilly,high,31043,0,2,3508.75,10.6152638971005,5.30763194855025,85.3506787330317,12,1050.69135265192,0,1,0.134723109115096,0
priority,hilly,high,31043,0,3,3143.75,12.3668751862324,4.12229172874415,85.0113122171946,14,1038.08306158468,0,1,0.1437612374469,0
priority,hilly,high,31043,0,4,2948.75,12.3569088401603,3.08922721004008,85.972850678733,14,1055.0784467625,0,1,0.126344353966094,1
priority,hilly,high,31043,0,5,3451.25,13.2645298578134,2.65290597156269,87.1606334841629,15,1121.79981848023,1,1,8.29124086947557,0
priority,hilly,high,31043,0,6,3592.5,13.2451593704542,2.20752656174237,85.9162895927602,15,1229.07801981614,1,1,8.39222998771052,0
priority,hilly,high,31043,0,7,3346.25,13.2703359697762,1.8957622813966,86.4253393665158,15,1227.15868016308,1,1,8.35433475316989,0
priority,hilly,high,31043,0,8,3472.5,14.1475593962257,1.76844492452821,87.10407239819,16,1226.75987572435,1,1,8.41038083751979,0
priority,hilly,high,31043,0,9,4007.5,14.13083019998,1.57009224444222,85.3506787330317,16,1428.06685453867,1,1,8.64185077874472,0
priority,hilly,high,31043,0,10,4585,16.7899089702387,1.67899089702387,87.3303167420815,19,1437.42554600028,1,1,8.84933333333333,0
priority,hilly,high,31044,0,1,5960,10.5799250702674,10.5799250702674,87.1380846325167,12,1128.87854730887,0,1,0.420651805961579,0
priority,hilly,high,31044,0,2,3517.5,10.5967129063981,5.29835645319907,86.4699331848552,12,1117.99767882715,0,1,0.113312898451366,0
priority,hilly,high,31044,0,3,2701.25,10.600484500196,3.53349483339868,86.0801781737194,12,1102.93373230971,0,1,0.0013843099916883,1
priority,hilly,high,31044,0,4,3635,14.1230598338504,3.53076495846261,85.8017817371938,16,1130.95702847444,1,1,8.3754875281349,0
priority,hilly,high,31044,0,5,2865,12.3901747181468,2.47803494362936,87.4721603563474,14,1154.38816734245,0,1,0.182944878214698,0
priority,hilly,high,31044,0,6,3193.75,12.3648375904839,2.06080626508065,86.1358574610245,14,1218.99636961313,0,1,0.273019236430745,0
priority,hilly,high,31044,0,7,3797.5,14.1446804661053,2.02066863801504,86.8596881959911,16,1327.99602758248,1,1,8.55373060679075,0
priority,hilly,high,31044,0,8,3597.5,14.1480233728141,1.76850292160176,85.0779510022272,16,1312.37453888828,1,1,8.51697185703997,0
priority,hilly,high,31044,0,9,3572.5,15.035450939211,1.67060565991234,86.9153674832962,17,1355.24951354381,1,1,8.60778361360686,0
priority,hilly,high,31044,0,10,3868.75,15.0252585376734,1.50252585376734,85.7461024498886,17,1479.82302297158,1,1,8.74262020654922,0
priority,hilly,high,31045,0,1,5973.75,10.5858427774223,10.5858427774223,85.5285472018089,12,1082.70809293392,0,1,0.421012893127905,0
priority,hilly,high,31045,0,2,3833.75,11.485764775478,5.74288238773901,86.5460712266817,13,1064.39420624192,0,1,0.208702600234338,0
priority,hilly,high,31045,0,3,3151.25,12.3708385993813,4.12361286646044,87.2809496890899,14,1058.88464504277,0,1,0.181436278252876,1
priority,hilly,high,31045,0,4,3463.75,15.0542837429637,3.76357093574093,85.1893725268513,17,1083.49061907037,1,1,8.42076642088079,0
priority,hilly,high,31045,0,5,3575,14.1281429806706,2.82562859613413,86.8287167891464,16,1127.82231405524,0,1,0.411027659130983,0
priority,hilly,high,31045,0,6,3020,12.3758228822298,2.0626371470383,85.1893725268513,14,1190.94377770579,1,1,8.28251422775452,0
priority,hilly,high,31045,0,7,2637.5,12.3824506222087,1.76892151745839,85.0197851893725,14,1151.87875795121,1,1,8.20264297399407,0
priority,hilly,high,31045,0,8,3177.5,14.1382021611224,1.76727527014029,86.4895421141888,16,1199.11809846582,1,1,8.42692942209974,0
priority,hilly,high,31045,0,9,3893.75,14.1365409023889,1.5707267669321,86.4895421141888,16,1399.01079158712,1,1,8.68900323993228,0
priority,hilly,high,31045,0,10,3622.5,15.0337213867621,1.50337213867621,86.4895421141888,17,1341.28748392986,1,1,8.66580271960325,0
priority,hilly,high,31046,0,1,5848.75,10.5751182102068,10.5751182102068,85.1173440183171,12,1101.54915848719,0,1,0.411198348881643,0
priority,hilly,high,31046,0,2,4013.75,12.356977437074,6.17848871853701,86.090440755581,14,1107.89812087903,0,1,0.231521076360505,0
priority,hilly,high,31046,0,3,3126.25,12.3654729342055,4.12182431140184,86.5483686319405,14,1083.89089589309,0,1,0.0863111041927738,1
priority,hilly,high,31046,0,4,3423.75,13.2421583828462,3.31053959571154,87.2925014310246,15,1136.19471152413,1,1,8.20545454218116,0
priority,hilly,high,31046,0,5,3548.75,12.365045202812,2.4730090405624,85.0028620492272,14,1208.84940180065,1,1,8.22761077794182,0
priority,hilly,high,31046,0,6,3553.75,14.1390432593407,2.35650720989012,85.6325128792215,16,1198.09179549475,0,1,0.307045807079106,0
priority,hilly,high,31046,0,7,3471.25,13.270991510296,1.89585593004229,85.7469948483114,15,1272.84317900856,1,1,8.30048186075283,0
priority,hilly,high,31046,0,8,3867.5,14.1545213866832,1.7693151733354,85.0601030337722,16,1349.59113263439,1,1,8.4499657356982,0
priority,hilly,high,31046,0,9,4073.75,15.0336668665543,1.67040742961714,85.1173440183171,17,1412.21631118533,1,1,8.56236647764734,0
priority,hilly,high,31046,0,10,4742.5,16.7980303397978,1.67980303397978,86.7773325701202,19,1556.94981147249,1,1,8.83746556473829,0
priority,hilly,high,31047,0,1,5881.25,10.5802736218348,10.5802736218348,85.3535353535353,12,1121.93416971277,0,1,0.440143227249736,0
priority,hilly,high,31047,0,2,3755,11.4692474470777,5.73462372353884,85.9147025813693,13,1113.65399707496,0,1,0.222721863576917,0
priority,hilly,high,31047,0,3,3297.5,13.2710245461934,4.42367484873112,85.9147025813693,15,1121.60350597882,0,1,0.291449019569509,0
priority,hilly,high,31047,0,4,2747.5,11.487448003656,2.87186200091401,87.037037037037,13,1065.90399059694,0,1,0.0611377059005376,1
priority,hilly,high,31047,0,5,3482.5,13.2514093535914,2.65028187071827,87.2615039281706,15,1175.152088542,0,1,0.352106232599211,0
priority,hilly,high,31047,0,6,4107.5,14.133672572861,2.35561209547684,85.8024691358025,16,1314.66489023661,1,1,8.59129666842247,0
priority,hilly,high,31047,0,7,4423.75,15.0189600961096,2.14556572801566,86.1391694725028,17,1344.06329083425,1,1,8.71238901043847,0
priority,hilly,high,31047,0,8,3600,14.1384542075748,1.76730677594685,87.3737373737374,16,1279.3255619705,1,1,8.50152118247254,0
priority,hilly,high,31047,0,9,3650,14.1341233529354,1.57045815032616,86.3636363636364,16,1358.70815881111,1,1,8.5644856767231,0
priority,hilly,high,31047,0,10,4072.5,15.0317379111415,1.50317379111415,86.2514029180696,17,1484.6310059955,1,1,8.76912644595134,0
greedy,hilly,low,31502,0,1,2475,4.41914120553298,4.41914120553298,17.1717171717172,5,1077.0646719073,0,0,20.8051154989533,0
greedy,hilly,low,31502,0,2,1450,4.40017185263927,2.20008592631963,17.1156004489338,5,1107.61283227318,0,0,20.5600990163856,1
greedy,hilly,low,31502,0,3,1125,4.43555664075133,1.47851888025044,16.0493827160494,5,1161.64686639148,1,0,28.946529578871,0
greedy,hilly,low,31502,0,4,950,4.41565324924547,1.10391331231137,14.8709315375982,5,1228.35701798142,1,0,29.2416584174352,0
greedy,hilly,low,31502,0,5,843.75,4.44960999175457,0.889921998350913,15.0392817059484,5,1219.75288678527,0,0,21.2643537152377,0
greedy,hilly,low,31502,0,6,775,4.5006617078861,0.750110284647683,13.8047138047138,5,1312.07894257805,1,0,29.8262914375306,0
greedy,hilly,low,31502,0,7,737.5,4.4475088064652,0.635358400923601,12.962962962963,5,1381.46854351346,1,0,29.9526506468158,0
greedy,hilly,low,31502,0,8,693.75,4.43874818411455,0.554843523014319,11.6161616161616,5,1530.89343796686,1,0,30.4086116024617,0
greedy,hilly,low,31502,0,9,656.25,4.40122879113322,0.489025421237025,11.1672278338945,5,1588.80478794674,1,0,30.457068641276,0
greedy,hilly,low,31502,0,10,637.5,4.40326792814612,0.440326792814613,11.6161616161616,5,1542.86703288187,1,0,30.2974641417899,0
greedy,hilly,low,31503,0,1,3112.5,4.40493357514322,4.40493357514322,5.5365296803653,5,2603.50504313057,0,0,24.5390410958904,0
greedy,hilly,low,31503,0,2,1468.75,4.41164494750374,2.20582247375187,14.3264840182648,5,1107.73100108565,0,0,21.3713543598564,0
greedy,hilly,low,31503,0,3,1106.25,4.43283541645315,1.47761180548438,16.4954337899543,5,1019.11404201412,0,0,20.7007302100524,1
greedy,hilly,low,31503,0,4,918.75,4.43316701625972,1.10829175406493,10.216894977169,5,1396.05806201477,1,0,30.6263034750991,0
greedy,hilly,low,31503,0,5,825,4.42124911375651,0.884249822751303,13.3561643835616,5,1171.69146842011,1,0,29.595836522502,0
greedy,hilly,low,31503,0,6,762.5,4.41020402604762,0.735034004341269,12.2146118721461,5,1297.20154985241,0,0,21.9231789626647,0
greedy,hilly,low,31503,0,7,700,4.4054471555261,0.629349593646586,9.41780821917808,5,1634.71119857435,1,0,30.8036420053365,0
greedy,hilly,low,31503,0,8,681.25,4.46721130095122,0.558401412618902,11.8150684931507,5,1366.00013266429,1,0,30.1916823848426,0
greedy,hilly,low,31503,0,9,656.25,4.50152269920494,0.500169188800549,11.1872146118721,5,1408.00739013167,1,0,30.4734685869186,0
greedy,hilly,low,31503,0,10,631.25,4.51993574346532,0.451993574346532,8.27625570776256,5,1786.15838734366,1,0,31.4623609868482,0
greedy,hilly,low,31504,0,1,2387.5,4.420410889709,4.420410889709,16.6382737081204,5,1093.05297383713,0,0,21.0175766159134,0
greedy,hilly,low,31504,0,2,1456.25,4.40341566032293,2.20170783016147,17.6036342986939,5,1006.36062908173,0,0,20.4045212211832,1
greedy,hilly,low,31504,0,3,1131.25,4.43429123810117,1.47809707936706,14.5371947756956,5,1050.23872299204,0,0,21.3762647921588,0
greedy,hilly,low,31504,0,4,943.75,4.41553207795886,1.10388301948971,14.0829074389551,5,1157.91542098085,0,0,21.4769823486456,0
greedy,hilly,low,31504,0,5,856.25,4.41861611909585,0.883723223819169,9.54003407155026,5,1453.50449195015,1,0,31.0155995943916,0
greedy,hilly,low,31504,0,6,781.25,4.43658629179571,0.739431048632619,11.3571834185122,5,1305.04793294899,1,0,30.4173994771257,0
greedy,hilly,low,31504,0,7,737.5,4.45846579073923,0.636923684391319,10.9596819988643,5,1257.87572678584,1,0,30.5670625763118,0
greedy,hilly,low,31504,0,8,700,4.40543286074015,0.550679107592518,11.130039750142,5,1277.35199749204,1,0,30.3494977011768,0
greedy,hilly,low,31504,0,9,662.5,4.42698493778635,0.491887215309594,8.97217490062465,5,1417.34080076636,1,0,31.1454353455212,0
greedy,hilly,low,31504,0,10,650,4.49695889421181,0.449695889421181,9.31289040318001,5,1483.0957300677,1,0,31.306132879046,0
greedy,hilly,low,31505,0,1,3562.5,4.40389765794679,4.40389765794679,0.225352112676056,5,12391.9956339472,0,0,26.1323943661972,0
greedy,hilly,low,31505,0,2,1593.75,4.40792825559015,2.20396412779507,7.43661971830986,5,1591.48448139264,0,0,23.4212807613458,0
greedy,hilly,low,31505,0,3,1162.5,4.43472261734675,1.47824087244892,6.70422535211268,5,1707.65623875093,0,0,23.6931755842308,0
greedy,hilly,low,31505,0,4,975,4.44801602387366,1.11200400596842,8.61971830985915,5,1467.57453313266,1,0,31.139906911521,0
greedy,hilly,low,31505,0,5,862.5,4.47470318736935,0.89494063747387,9.1830985915493,5,1398.95054802074,0,0,23.0611840051193,1
greedy,hilly,low,31505,0,6,787.5,4.43785555895935,0.739642593159892,6.53521126760563,5,1761.20309067644,1,0,31.7066847201378,0
greedy,hilly,low,31505,0,7,731.25,4.41314760681128,0.630449658115896,7.83098591549296,5,1456.89402776486,1,0,31.2023830562399,0
greedy,hilly,low,31505,0,8,693.75,4.43813116174668,0.554766395218335,7.2112676056338,5,1483.03511195626,1,0,31.4845667785542,0
greedy,hilly,low,31505,0,9,662.5,4.46548199846577,0.496164666496196,6.42253521126761,5,1586.12215816193,1,0,31.8299493619786,0
greedy,hilly,low,31505,0,10,637.5,4.47833984925587,0.447833984925587,6.59154929577465,5,1550.54553130012,1,0,31.8266722355978,0
greedy,hilly,low,31506,0,1,3162.5,4.40823235802276,4.40823235802276,6.49132624510353,5,2261.97056019627,0,0,24.268773570354,0
greedy,hilly,low,31506,0,2,1475,4.40187342611737,2.20093671305869,15.5008393956351,5,1029.44847626486,0,0,20.9944076909977,0
greedy,hilly,low,31506,0,3,1137.5,4.42178741042283,1.47392913680761,16.0044767767208,5,1015.64257775474,0,0,20.8332922520209,0
greedy,hilly,low,31506,0,4,950,4.42724454404785,1.10681113601196,16.2283156127588,5,983.769357293261,0,0,20.7417491900832,1
greedy,hilly,low,31506,0,5,831.25,4.40133372918676,0.880266745837352,13.4303301622832,5,1198.95854457673,1,0,29.552099962909,0
greedy,hilly,low,31506,0,6,762.5,4.43518542363323,0.739197570605539,11.7515388919978,5,1327.2100708174,1,0,30.1543010708322,0
greedy,hilly,low,31506,0,7,718.75,4.47143801362972,0.638776859089961,13.1505316172356,5,1179.02408372198,1,0,29.7778742230496,0
greedy,hilly,low,31506,0,8,687.5,4.43567399869343,0.554459249836679,10.800223838836,5,1346.15104727541,1,0,30.4334052322436,0
greedy,hilly,low,31506,0,9,662.5,4.5293117047778,0.503256856086422,10.9681029658646,5,1408.23936846728,1,0,30.6131546694103,0
greedy,hilly,low,31506,0,10,637.5,4.41642439103323,0.441642439103323,11.0240626748741,5,1315.38579872645,1,0,30.3059880045753,0
greedy,hilly,low,31507,0,1,3306.25,4.40296658893284,4.40296658893284,5.06186726659168,5,3547.71695492373,0,0,24.6814398200225,0
greedy,hilly,low,31507,0,2,1787.5,4.40492392617615,2.20246196308807,7.53655793025872,5,2313.04328383401,0,0,23.5599762227433,0
greedy,hilly,low,31507,0,3,1175,4.43364597581972,1.47788199193991,13.3295838020247,5,1299.271075477,0,0,21.6959294184403,0
greedy,hilly,low,31507,0,4,962.5,4.44253747003366,1.11063436750842,13.9482564679415,5,1202.18462691799,0,0,21.4955707458789,1
greedy,hilly,low,31507,0,5,843.75,4.42200190036434,0.884400380072869,14.2294713160855,5,1216.02488243904,1,0,29.3270203535698,0
greedy,hilly,low,31507,0,6,775,4.43506637748444,0.739177729580739,11.0798650168729,5,1464.88522203333,1,0,30.3367887074058,0
greedy,hilly,low,31507,0,7,725,4.45304331566929,0.636149045095613,11.7547806524184,5,1444.86139842814,1,0,30.1839242221635,0
greedy,hilly,low,31507,0,8,700,4.4933552684135,0.561669408551687,12.5984251968504,5,1435.99990237855,1,0,30.0597457356815,0
greedy,hilly,low,31507,0,9,656.25,4.43811972160412,0.493124413511569,11.7547806524184,5,1462.52651597763,1,0,30.1263477851531,0
greedy,hilly,low,31507,0,10,637.5,4.41484542019601,0.441484542019601,9.28008998875141,5,1681.91633834165,1,0,30.8167578387647,0
greedy,hilly,medium,31522,0,1,2375,4.40497594666886,4.40497594666886,15.9977703455964,5,1076.48687958145,0,0,21.1006688963211,1
greedy,hilly,medium,31522,0,2,1593.75,4.42312509924305,2.21156254962152,12.3745819397993,5,1275.59825526813,0,0,22.2211107738189,0
greedy,hilly,medium,31522,0,3,1137.5,4.43386438726843,1.47795479575614,14.4927536231884,5,1108.4274929636,0,0,21.3947417168712,0
greedy,hilly,medium,31522,0,4,950,4.41272418494692,1.10318104623673,12.7090301003344,5,1112.56312446152,0,0,21.8147967327119,0
greedy,hilly,medium,31522,0,5,831.25,4.43771646495406,0.887543292990813,14.2140468227425,5,1170.94710763519,0,0,21.4683255328967,0
greedy,hilly,medium,31522,0,6,775,4.44797049888434,0.741328416480722,11.4827201783724,5,1362.25882828264,1,0,30.4536537170448,0
greedy,hilly,medium,31522,0,7,718.75,4.41902657470358,0.63128951067194,12.3188405797101,5,1287.95795004142,1,0,30.0317499701429,0
greedy,hilly,medium,31522,0,8,681.25,4.44178615896465,0.555223269870581,11.9286510590858,5,1302.54744882149,1,0,30.2319480108683,0
greedy,hilly,medium,31522,0,9,656.25,4.48939110059776,0.498821233399751,10.2564102564103,5,1479.55395902509,1,0,31.028811690102,0
greedy,hilly,medium,31522,0,10,631.25,4.40603026773787,0.440603026773787,10.0891861761427,5,1476.65070141345,1,0,30.774830186865,0
greedy,hilly,medium,31523,0,1,2650,4.40343064953349,4.40343064953349,14.1340782122905,5,1248.84766640977,0,0,21.8792576157497,0
greedy,hilly,medium,31523,0,2,1450,4.4143800685361,2.20719003426805,15.1396648044693,5,1078.19257162308,0,0,21.2214432030587,0
greedy,hilly,medium,31523,0,3,1106.25,4.40169852803351,1.46723284267784,16.0893854748603,5,1011.12282444497,0,0,20.7663520594053,1
greedy,hilly,medium,31523,0,4,943.75,4.45558350498373,1.11389587624593,14.1899441340782,5,1148.48668978691,0,0,21.6038942110535,0
greedy,hilly,medium,31523,0,5,837.5,4.42321387127643,0.884642774255286,15.7541899441341,5,1031.21872027236,0,0,20.9020275349606,0
greedy,hilly,medium,31523,0,6,775,4.41389057578746,0.73564842929791,14.6927374301676,5,1074.29987619216,1,0,29.2162558521783,0
greedy,hilly,medium,31523,0,7,725,4.49330671149155,0.641900958784507,12.2905027932961,5,1301.76957072021,1,0,30.3916468984015,0
greedy,hilly,medium,31523,0,8,681.25,4.44149910711311,0.555187388389138,12.5139664804469,5,1262.54433885132,1,0,30.1109727325574,0
greedy,hilly,medium,31523,0,9,656.25,4.45247281963333,0.494719202181481,11.3966480446927,5,1339.46953708819,1,0,30.5463224071688,0
greedy,hilly,medium,31523,0,10,637.5,4.45393097770841,0.445393097770841,11.731843575419,5,1344.6801252401,1,0,30.4514986206943,0
greedy,hilly,medium,31524,0,1,2943.75,4.4028193249258,4.4028193249258,9.85523385300668,5,1560.84425429396,0,0,23.1830594325048,0
greedy,hilly,medium,31524,0,2,1493.75,4.41640365588173,2.20820182794087,14.8106904231626,5,1113.80028786012,0,0,21.2527418468035,1
greedy,hilly,medium,31524,0,3,1118.75,4.41850769221296,1.47283589740432,14.086859688196,5,1182.57741309328,1,0,29.4489939822299,0
greedy,hilly,medium,31524,0,4,950,4.45129061611996,1.11282265402999,14.7550111358575,5,1148.16338309864,1,0,29.3168881820089,0
greedy,hilly,medium,31524,0,5,843.75,4.43494718259693,0.886989436519386,13.0846325167038,5,1232.8379366854,1,0,29.7870146358463,0
greedy,hilly,medium,31524,0,6,787.5,4.43843391339511,0.739738985565852,13.3073496659243,5,1206.57737894374,1,0,29.7086922448022,0
greedy,hilly,medium,31524,0,7,737.5,4.42127590473593,0.631610843533705,11.358574610245,5,1406.38663061805,1,0,30.3309503918214,0
greedy,hilly,medium,31524,0,8,706.25,4.48750458713962,0.560938073392453,11.1915367483296,5,1422.32647757715,1,0,30.6187882559273,0
greedy,hilly,medium,31524,0,9,668.75,4.47923245491444,0.497692494990493,10.022271714922,5,1551.46800681219,1,0,31.0029656686961,0
greedy,hilly,medium,31524,0,10,643.75,4.46208682392224,0.446208682392224,8.9086859688196,5,1673.46902835994,1,0,31.3373510452205,0
greedy,hilly,medium,31525,0,1,3206.25,4.40328791177949,4.40328791177949,5.88565022421525,5,3084.59065525162,0,0,24.4355978480517,0
greedy,hilly,medium,31525,0,2,1493.75,4.40279785961301,2.20139892980651,12.2757847533632,5,1177.27438011907,0,0,21.9698552230398,0
greedy,hilly,medium,31525,0,3,1100,4.43635984607043,1.47878661535681,13.957399103139,5,1046.44357406236,0,0,21.4733470544556,1
greedy,hilly,medium,31525,0,4,931.25,4.4104506251196,1.1026126562799,10.8744394618834,5,1207.90779887541,0,0,22.3273670377372,0
greedy,hilly,medium,31525,0,5,837.5,4.44401584518012,0.888803169036025,11.7152466367713,5,1129.47952181371,1,0,30.1375381415404,0
greedy,hilly,medium,31525,0,6,768.75,4.47195446701483,0.745325744502471,8.96860986547085,5,1360.71541580751,1,0,31.058570845384,0
greedy,hilly,medium,31525,0,7,725,4.45331635054123,0.636188050077318,8.96860986547085,5,1369.75186378613,1,0,31.003914941754,0
greedy,hilly,medium,31525,0,8,687.5,4.4724274285509,0.559053428568862,11.042600896861,5,1229.1942991596,1,0,30.4056103683045,0
greedy,hilly,medium,31525,0,9,656.25,4.42637196015738,0.491819106684153,7.56726457399103,5,1626.61229874868,1,0,31.3803328945079,0
greedy,hilly,medium,31525,0,10,637.5,4.51650650556903,0.451650650556903,8.68834080717489,5,1524.88245287799,1,0,31.2639203809101,0
greedy,hilly,medium,31526,0,1,3068.75,4.40714314612885,4.40714314612885,2.79955207166853,5,2691.79895049172,0,0,25.3683274908102,0
greedy,hilly,medium,31526,0,2,1456.25,4.41337859259052,2.20668929629526,11.8141097424412,5,1169.83083040004,0,0,22.131508715646,0
greedy,hilly,medium,31526,0,3,1075,4.40396464334319,1.46798821444773,13.7737961926092,5,1079.70813003338,0,0,21.4398405766645,1
greedy,hilly,medium,31526,0,4,906.25,4.42737366282243,1.10684341570561,13.1578947368421,5,1137.53383366945,0,0,21.667949105919,0
greedy,hilly,medium,31526,0,5,825,4.45784518328118,0.891569036656236,10.2463605823068,5,1341.30125471359,1,0,30.6445069255634,0
greedy,hilly,medium,31526,0,6,756.25,4.43380131408728,0.738966885681213,11.2541993281075,5,1252.1499496488,1,0,30.252276731761,0
greedy,hilly,medium,31526,0,7,718.75,4.52034908914806,0.645764155592581,10.3583426651736,5,1392.45585229754,1,0,30.7640652010753,0
greedy,hilly,medium,31526,0,8,687.5,4.47080753470273,0.558850941837841,9.63045912653975,5,1439.64647989,1,0,30.8583692715264,0
greedy,hilly,medium,31526,0,9,650,4.45022246774543,0.494469163082826,8.73460246360582,5,1531.12624739165,1,0,31.0849190293769,0
greedy,hilly,medium,31526,0,10,637.5,4.51579214561892,0.451579214561892,8.79059350503919,5,1543.61096982687,1,0,31.2374050906274,0
greedy,hilly,medium,31527,0,1,3606.25,4.4008003230519,4.4008003230519,0.337078651685393,5,17718.0714969685,0,0,26.0988764044944,0
greedy,hilly,medium,31527,0,2,1643.75,4.40767688050913,2.20383844025456,11.0674157303371,5,1544.04318787544,0,0,22.3414410775768,0
greedy,hilly,medium,31527,0,3,1193.75,4.42432809115158,1.47477603038386,13.6516853932584,5,1241.80317006099,0,0,21.547804566421,0
greedy,hilly,medium,31527,0,4,993.75,4.42324652439775,1.10581163109944,15,5,1136.02154426919,0,0,21.1112172572747,1
greedy,hilly,medium,31527,0,5,887.5,4.454045982716,0.8908091965432,12.1910112359551,5,1317.90483253395,1,0,30.031613720861,0
greedy,hilly,medium,31527,0,6,800,4.45054835540479,0.741758059234132,14.2134831460674,5,1157.21254740005,0,0,21.4000429985009,0
greedy,hilly,medium,31527,0,7,750,4.46498950408053,0.637855643440075,13.5393258426966,5,1229.80050884416,1,0,29.6384675891076,0
greedy,hilly,medium,31527,0,8,712.5,4.40226184402726,0.550282730503408,11.0112359550562,5,1369.42358742765,1,0,30.2135216726344,0
greedy,hilly,medium,31527,0,9,681.25,4.50486948163299,0.500541053514776,10.9550561797753,5,1391.88326642398,1,0,30.5223404883856,0
greedy,hilly,medium,31527,0,10,650,4.43388067076707,0.443388067076707,10.8426966292135,5,1392.23742678718,1,0,30.3471870975669,0
greedy,hilly,high,31542,0,1,2418.75,4.40115775147584,4.40115775147584,16.280384397965,5,1072.48302084469,0,0,21.0158846806105,1
greedy,hilly,high,31542,0,2,1625,4.4197099351503,2.20985496757515,10.5144149236857,5,1632.39311446533,0,0,22.9086744539024,0
greedy,hilly,high,31542,0,3,1193.75,4.4096245894376,1.46987486314587,11.8145845110232,5,1428.48514961088,0,0,22.2901061457641,0
greedy,hilly,high,31542,0,4,975,4.4091800735811,1.10229501839528,10.4013566986998,5,1600.73938613855,1,0,30.7562573236346,0
greedy,hilly,high,31542,0,5,868.75,4.45310749030072,0.890621498060144,13.7931034482759,5,1217.13079026092,1,0,29.606993893384,0
greedy,hilly,high,31542,0,6,781.25,4.42375570661871,0.737292617769784,13.68004522329,5,1202.03871450401,1,0,29.5479220733174,0
greedy,hilly,high,31542,0,7,725,4.44086962864898,0.634409946949854,12.0407009609949,5,1376.1515692679,1,0,30.1584305477514,0
greedy,hilly,high,31542,0,8,706.25,4.53610056867786,0.567012571084733,11.8711136235161,5,1341.79980350646,1,0,30.3984045242407,0
greedy,hilly,high,31542,0,9,668.75,4.51630757037609,0.50181195226401,12.832108535896,5,1292.9806626755,1,0,30.0315246079239,0
greedy,hilly,high,31542,0,10,637.5,4.4022576044168,0.44022576044168,10.1752402487281,5,1450.41538499116,1,0,30.6523693554354,0
greedy,hilly,high,31543,0,1,3156.25,4.40069042904198,4.40069042904198,5.85284280936455,5,2789.51954688869,0,0,24.4441471571906,0
greedy,hilly,high,31543,0,2,1450,4.41153272557915,2.20576636278958,14.1583054626533,5,1212.77394611155,0,0,21.4435492211184,0
greedy,hilly,high,31543,0,3,1087.5,4.42015871796371,1.47338623932124,15.7748049052397,5,1066.60112293569,0,0,20.9042718677516,1
greedy,hilly,high,31543,0,4,925,4.41635993194284,1.10408998298571,14.7714604236343,5,1153.9639658782,0,0,21.1821713163264,0
greedy,hilly,high,31543,0,5,837.5,4.48036759293734,0.896073518587467,12.0401337792642,5,1427.37547077654,1,0,30.2471676528485,0
greedy,hilly,high,31543,0,6,768.75,4.43614657653141,0.739357762755236,14.3255295429208,5,1175.22076109846,1,0,29.3603892103219,0
greedy,hilly,high,31543,0,7,725,4.49120897434502,0.641601282049289,11.8171683389075,5,1480.35114768662,1,0,30.3413425819114,0
greedy,hilly,high,31543,0,8,681.25,4.4166721794421,0.552084022430262,12.876254180602,5,1263.62282173822,1,0,29.7322469506034,0
greedy,hilly,high,31543,0,9,662.5,4.4913303905702,0.499036710063355,12.2073578595318,5,1363.46692431057,1,0,30.1944343485522,0
greedy,hilly,high,31543,0,10,631.25,4.44490724235069,0.444490724235069,11.371237458194,5,1455.99718451144,1,0,30.3027803733012,0
greedy,hilly,high,31544,0,1,3106.25,4.40828636882367,4.40828636882367,6.71103716028841,5,2257.5752790882,0,0,24.192011651284,0
greedy,hilly,high,31544,0,2,1418.75,4.40671995704457,2.20335997852229,13.2556849694953,5,1101.98692022821,0,0,21.6512542068844,1
greedy,hilly,high,31544,0,3,1062.5,4.43379553446661,1.4779318448222,13.1447587354409,5,1107.70268391973,0,0,21.7205903009106,0
greedy,hilly,high,31544,0,4,912.5,4.41049972995802,1.10262493248951,12.0909595119246,5,1199.59722559016,1,0,29.9572441583221,0
greedy,hilly,high,31544,0,5,825,4.44988305195239,0.889976610390478,12.2573488630061,5,1258.3460811082,1,0,30.0423010838928,0
greedy,hilly,high,31544,0,6,750,4.43365911191061,0.738943185318435,11.2590127565169,5,1363.72674848591,1,0,30.3019385846746,0
greedy,hilly,high,31544,0,7,706.25,4.46498656342645,0.637855223346636,11.0371602884082,5,1343.07006497312,1,0,30.462532110867,0
greedy,hilly,high,31544,0,8,668.75,4.49500499298417,0.561875624123021,10.3161397670549,5,1499.08479635337,1,0,30.8153007579903,0
greedy,hilly,high,31544,0,9,650,4.48896744147622,0.498774160164024,10.2052135330006,5,1475.94278515437,1,0,30.8190319972287,0
greedy,hilly,high,31544,0,10,625,4.47275826574388,0.447275826574388,8.31946755407654,5,1662.23037866283,1,0,31.374007170003,0
greedy,hilly,high,31545,0,1,2456.25,4.404358851079,4.404358851079,16.2528216704289,5,1020.68607962595,0,0,21.0363099406111,0
greedy,hilly,high,31545,0,2,1437.5,4.40130239540625,2.20065119770312,15.8013544018059,5,1027.17100540707,0,0,20.9430827974175,0
greedy,hilly,high,31545,0,3,1118.75,4.40741597795575,1.46913865931858,16.0835214446953,5,1015.76547059092,0,0,20.7985909334705,1
greedy,hilly,high,31545,0,4,918.75,4.40610448996306,1.10152612249077,13.2618510158014,5,1185.52637769481,0,0,21.709573186785,0
greedy,hilly,high,31545,0,5,850,4.43896635836952,0.887793271673904,12.6410835214447,5,1193.71933929529,1,0,29.9818105504823,0
greedy,hilly,high,31545,0,6,768.75,4.47248935377724,0.745414892296206,12.1896162528217,5,1210.08982221041,1,0,30.2078431550852,0
greedy,hilly,high,31545,0,7,725,4.50430880857808,0.643472686939726,11.2866817155756,5,1312.2781230461,1,0,30.6293654198918,0
greedy,hilly,high,31545,0,8,681.25,4.44116603056882,0.555145753821102,10.9480812641084,5,1454.27722644746,1,0,30.6313481921966,0
greedy,hilly,high,31545,0,9,662.5,4.46439837346987,0.496044263718875,10.7223476297968,5,1393.39178281657,1,0,30.7223351813283,0
greedy,hilly,high,31545,0,10,637.5,4.46551994065396,0.446551994065396,10.1580135440181,5,1469.31991610394,1,0,30.9396256855363,0
greedy,hilly,high,31546,0,1,3475,4.40445612484444,4.40445612484444,3.45025876940771,5,4911.90907986688,0,0,25.1649321786677,0
greedy,hilly,high,31546,0,2,1775,4.4109179791842,2.2054589895921,7.59056929269695,5,2219.4511249304,0,0,23.4889471234821,0
greedy,hilly,high,31546,0,3,1175,4.42293641654429,1.4743121388481,14.3760782058654,5,1235.2212524893,0,0,21.3234934713426,0
greedy,hilly,high,31546,0,4,931.25,4.43711931729655,1.10927982932414,15.7561817136285,5,1092.82657346947,0,0,20.9017903894886,1
greedy,hilly,high,31546,0,5,831.25,4.45177305498687,0.890354610997373,15.2961472110408,5,1161.2309779765,1,0,29.0702092531211,0
greedy,hilly,high,31546,0,6,775,4.4868048711064,0.747800811851066,11.6733755031627,5,1463.00857733682,1,0,30.2663674472517,0
greedy,hilly,high,31546,0,7,718.75,4.50843121142441,0.644061601632059,13.2259919493962,5,1305.45329961792,1,0,29.8380286216196,0
greedy,hilly,high,31546,0,8,681.25,4.40445245149643,0.550556556437054,11.7308798159862,5,1466.36327597155,1,0,30.0162458467151,0
greedy,hilly,high,31546,0,9,656.25,4.42702388461208,0.491891542734676,10.9258194364577,5,1577.017080157,1,0,30.3232077783963,0
greedy,hilly,high,31546,0,10,637.5,4.51679309378166,0.451679309378166,12.1334100057504,5,1393.40631798518,1,0,30.1835884083985,0
greedy,hilly,high,31547,0,1,2425,4.40022066044458,4.40022066044458,16.6190748143918,5,1042.8384440137,0,0,20.9232980948043,0
greedy,hilly,high,31547,0,2,1481.25,4.43498202521373,2.21749101260686,15.8766419189035,5,1023.6224843353,0,0,21.0317405733254,0
greedy,hilly,high,31547,0,3,1118.75,4.44894868440665,1.48298289480222,16.3906339234723,5,1030.18740055747,0,0,20.842025145684,1
greedy,hilly,high,31547,0,4,912.5,4.41102155038116,1.10275538759529,15.1913192461451,5,1098.47230924932,0,0,21.0750232556854,0
greedy,hilly,high,31547,0,5,850,4.42712831988305,0.88542566397661,14.4488863506568,5,1156.67777835989,1,0,29.3592990837555,0
greedy,hilly,high,31547,0,6,768.75,4.43443917317948,0.739073195529914,11.9931467732724,5,1336.3895905064,1,0,30.1842058706055,0
greedy,hilly,high,31547,0,7,725,4.4785640074221,0.639794858203157,11.5933752141633,5,1375.27189619961,1,0,30.4443720200921,0
greedy,hilly,high,31547,0,8,675,4.41090816518835,0.551363520648544,9.59451741861793,5,1509.73485236604,1,0,30.8941890876591,0
greedy,hilly,high,31547,0,9,656.25,4.48931106136899,0.49881234015211,11.9360365505425,5,1259.31041145874,1,0,30.3039827173432,0
greedy,hilly,high,31547,0,10,618.75,4.50075513184335,0.450075513184335,8.45231296402056,5,1662.69602813003,1,0,31.5643061107938,0
decentralized_greedy,hilly,low,32002,0,1,3362.5,4.4058026357687,4.4058026357687,23.2283464566929,5,748.91221548175,0,0,19.134058539716,0
decentralized_greedy,hilly,low,32002,0,2,1906.25,4.40817606671241,2.20408803335621,24.6344206974128,5,728.120336794523,0,0,18.389833562647,1
decentralized_greedy,hilly,low,32002,0,3,1393.75,4.41744757275325,1.47248252425108,21.5973003374578,5,763.471001388781,0,0,19.4599120054933,0
decentralized_greedy,hilly,low,32002,0,4,1162.5,4.40801554918423,1.10200388729606,21.8785151856018,5,751.448578492987,0,0,19.227149222553,0
decentralized_greedy,hilly,low,32002,0,5,1012.5,4.41253451691785,0.882506903383569,22.2159730033746,5,733.267181835398,1,0,27.0285444391291,0
decentralized_greedy,hilly,low,32002,0,6,912.5,4.40259984155628,0.73376664025938,21.3723284589426,5,747.311131912765,0,0,19.2906978690436,0
decentralized_greedy,hilly,low,32002,0,7,868.75,4.44902855056435,0.635575507223478,23.2283464566929,5,714.514769007809,1,0,26.7895906136404,0
decentralized_greedy,hilly,low,32002,0,8,800,4.46072704195449,0.557590880244311,20.5286839145107,5,770.393440466102,1,0,27.9490503280391,0
decentralized_greedy,hilly,low,32002,0,9,756.25,4.40252614217407,0.489169571352674,20.5286839145107,5,759.611238637952,1,0,27.585525745654,0
decentralized_greedy,hilly,low,32002,0,10,750,4.40231953631972,0.440231953631972,21.8785151856018,5,756.543188562249,0,0,19.1620865617133,0
decentralized_greedy,hilly,low,32003,0,1,3418.75,4.40282561133237,4.40282561133237,25.2105558674902,5,704.618845853782,0,0,18.3368332397529,1
decentralized_greedy,hilly,low,32003,0,2,1837.5,4.41639125456978,2.20819562728489,21.6732172936552,5,783.542443524273,0,0,19.5049259477474,0
decentralized_greedy,hilly,low,32003,0,3,1368.75,4.43279743827591,1.47759914609197,21.8416619876474,5,790.526632821251,0,0,19.4886012626718,0
decentralized_greedy,hilly,low,32003,0,4,1150,4.42468390351067,1.10617097587767,22.6838854576081,5,764.773436532871,0,0,19.074394549414,0
decentralized_greedy,hilly,low,32003,0,5,1006.25,4.42442553864233,0.884885107728466,22.7961819202695,5,752.603370931903,0,0,18.9756617834688,0
decentralized_greedy,hilly,low,32003,0,6,918.75,4.42809409895498,0.738015683159163,21.9539584503088,5,765.393002266448,0,0,19.2777527421326,0
decentralized_greedy,hilly,low,32003,0,7,843.75,4.45460699083441,0.636372427262059,21.5609208309938,5,781.085795067014,1,0,27.5674463091996,0
decentralized_greedy,hilly,low,32003,0,8,793.75,4.44927381904358,0.556159227380447,21.1117349803481,5,761.114458655295,0,0,19.5992861506461,0
decentralized_greedy,hilly,low,32003,0,9,750,4.40561615452775,0.489512906058639,20.2695115103874,5,772.07481811039,0,0,19.672822304182,0
decentralized_greedy,hilly,low,32003,0,10,718.75,4.46492041008789,0.446492041008789,18.6973610331275,5,783.148966066412,1,0,28.4650280182855,0
decentralized_greedy,hilly,low,32004,0,1,3268.75,4.40640679201907,4.40640679201907,22.5932109070673,5,742.868432383861,0,0,19.2469005677351,0
decentralized_greedy,hilly,low,32004,0,2,1906.25,4.40687632498405,2.20343816249203,23.8174735670562,5,711.383878647243,0,0,18.5433764768059,1
decentralized_greedy,hilly,low,32004,0,3,1412.5,4.423325258338,1.47444175277933,23.7061769616027,5,716.383184972415,0,0,18.6012586866318,0
decentralized_greedy,hilly,low,32004,0,4,1150,4.43305301168494,1.10826325292123,21.9254312743461,5,765.547409326044,0,0,19.3378487537657,0
decentralized_greedy,hilly,low,32004,0,5,993.75,4.44608169166924,0.889216338333848,21.5358931552588,5,784.195730743736,1,0,27.5692000559045,0
decentralized_greedy,hilly,low,32004,0,6,925,4.42499697966812,0.737499496611354,22.8714524207012,5,726.794355180606,0,0,18.8248405625864,0
decentralized_greedy,hilly,low,32004,0,7,837.5,4.46649964991938,0.638071378559911,21.0350584307179,5,787.029206645575,1,0,27.808109921765,0
decentralized_greedy,hilly,low,32004,0,8,781.25,4.44211781128482,0.555264726410602,20.4785754034502,5,782.819137806301,1,0,27.827813874869,0
decentralized_greedy,hilly,low,32004,0,9,750,4.44111283623003,0.493456981803337,21.3689482470785,5,759.058215468106,1,0,27.4565500758394,0
decentralized_greedy,hilly,low,32004,0,10,718.75,4.41720862083801,0.441720862083801,18.3639398998331,5,781.076112030142,1,0,28.3211344812602,0
decentralized_greedy,hilly,low,32005,0,1,3362.5,4.40814645376968,4.40814645376968,24.0090600226501,5,755.947324221892,0,0,18.8849904518246,1
decentralized_greedy,hilly,low,32005,0,2,1862.5,4.40911198364088,2.20455599182044,22.6500566251416,5,782.804754770358,0,0,19.1808593270931,0
decentralized_greedy,hilly,low,32005,0,3,1406.25,4.43058135082223,1.47686045027408,22.876557191393,5,771.445708926099,0,0,19.0828849631538,0
decentralized_greedy,hilly,low,32005,0,4,1137.5,4.43704763885042,1.1092619097126,21.8006795016988,5,779.630858098979,0,0,19.4251665734616,0
decentralized_greedy,hilly,low,32005,0,5,1000,4.42657256309751,0.885314512619502,21.1778029445074,5,754.501606133773,0,0,19.4436973980154,0
decentralized_greedy,hilly,low,32005,0,6,906.25,4.42188288356965,0.736980480594941,20.554926387316,5,747.222226642177,1,0,27.5669072186205,0
decentralized_greedy,hilly,low,32005,0,7,862.5,4.43939193797374,0.634198848281963,22.3669309173273,5,711.051984566165,0,0,18.9362369275177,0
decentralized_greedy,hilly,low,32005,0,8,800,4.40995631581045,0.551244539476306,20.8380520951302,5,732.954047468495,1,0,27.3579281978003,0
decentralized_greedy,hilly,low,32005,0,9,756.25,4.45196109773765,0.494662344193072,20.9513023782559,5,738.994411775761,1,0,27.5124338940064,0
decentralized_greedy,hilly,low,32005,0,10,731.25,4.48232633786025,0.448232633786025,21.3476783691959,5,720.919692755164,0,0,19.4369536065382,0
decentralized_greedy,hilly,low,32006,0,1,3425,4.40556266378241,4.40556266378241,25.2086811352254,5,734.319190411932,0,0,18.3413797340765,1
decentralized_greedy,hilly,low,32006,0,2,1868.75,4.40436721698104,2.20218360849052,22.5375626043406,5,782.412420789434,0,0,19.1671941369736,0
decentralized_greedy,hilly,low,32006,0,3,1393.75,4.41923664445094,1.47307888148365,22.8158041179744,5,777.678544581865,0,0,19.036978400515,0
decentralized_greedy,hilly,low,32006,0,4,1143.75,4.43068838966008,1.10767209741502,22.0367278797997,5,785.479986341204,0,0,19.313847912501,0
decentralized_greedy,hilly,low,32006,0,5,1012.5,4.40835118196868,0.881670236393735,22.0923761825264,5,773.100192878946,0,0,19.1362245546345,0
decentralized_greedy,hilly,low,32006,0,6,918.75,4.43422264356914,0.739037107261523,21.1463550361714,5,771.306018684374,0,0,19.4825964345897,0
decentralized_greedy,hilly,low,32006,0,7,856.25,4.44074029905932,0.634391471294189,21.9810795770729,5,770.667358902103,0,0,19.2411442796456,0
decentralized_greedy,hilly,low,32006,0,8,818.75,4.49438411486778,0.561798014358473,22.3706176961603,5,753.595341481255,1,0,27.2051541956684,0
decentralized_greedy,hilly,low,32006,0,9,768.75,4.43012518914267,0.492236132126963,21.9254312743461,5,737.182502895843,1,0,27.0283505209662,0
decentralized_greedy,hilly,low,32006,0,10,737.5,4.40742133351905,0.440742133351905,20.7011686143573,5,789.792001108897,1,0,27.5998278931,0
decentralized_greedy,hilly,low,32007,0,1,3287.5,4.41630178286969,4.41630178286969,23.1924360400445,5,778.857176661657,0,0,19.1080913851278,0
decentralized_greedy,hilly,low,32007,0,2,1881.25,4.40076918768566,2.20038459384283,23.9154616240267,5,757.21689606123,0,0,18.5212967404946,1
decentralized_greedy,hilly,low,32007,0,3,1337.5,4.41781595663667,1.47260531887889,20.6896551724138,5,858.228378548733,0,0,19.7856358952094,0
decentralized_greedy,hilly,low,32007,0,4,1150,4.44478570690106,1.11119642672526,21.7463848720801,5,784.68221494969,0,0,19.3870051730427,0
decentralized_greedy,hilly,low,32007,0,5,1000,4.41045845330459,0.882091690660918,20.4671857619577,5,822.808349343908,0,0,19.6578201060888,0
decentralized_greedy,hilly,low,32007,0,6,900,4.40985486777751,0.734975811296251,21.0233592880979,5,809.562213017982,0,0,19.4346175642057,0
decentralized_greedy,hilly,low,32007,0,7,837.5,4.42695207278567,0.632421724683668,20.5228031145717,5,805.464325181194,0,0,19.6614382445017,0
decentralized_greedy,hilly,low,32007,0,8,800,4.43468323589687,0.554335404487109,21.9688542825362,5,751.532071490127,1,0,27.1144071445478,0
decentralized_greedy,hilly,low,32007,0,9,762.5,4.41789756354695,0.490877507060772,21.7463848720801,5,766.530525050133,1,0,27.1212804219091,0
decentralized_greedy,hilly,low,32007,0,10,731.25,4.45313114011813,0.445313114011813,21.6351501668521,5,761.734259383051,1,0,27.3381406322539,0
decentralized_greedy,hilly,medium,32022,0,1,3325,4.40742949884186,4.40742949884186,23.3108108108108,5,768.667991130819,0,0,19.2341410606947,0
decentralized_greedy,hilly,medium,32022,0,2,1887.5,4.40345527226429,2.20172763613215,24.3806306306306,5,728.057983336438,0,0,18.4436824058792,0
decentralized_greedy,hilly,medium,32022,0,3,1418.75,4.40813258942802,1.46937752980934,25.1689189189189,5,721.327854873207,0,0,18.1169940457709,1
decentralized_greedy,hilly,medium,32022,0,4,1156.25,4.41069593340877,1.10267398335219,23.3108108108108,5,765.396263671049,0,0,18.8952834461719,0
decentralized_greedy,hilly,medium,32022,0,5,1031.25,4.42855166063733,0.885710332127466,24.268018018018,5,726.619806627316,0,0,18.4461726122598,0
decentralized_greedy,hilly,medium,32022,0,6,918.75,4.40953653843697,0.734922756406162,23.1981981981982,5,745.887900105183,0,0,18.776643311347,0
decentralized_greedy,hilly,medium,32022,0,7,843.75,4.40111986957564,0.628731409939377,22.6914414414414,5,755.985356423738,0,0,18.9379068793331,0
decentralized_greedy,hilly,medium,32022,0,8,806.25,4.4514864239131,0.556435802989137,23.6486486486486,5,715.831081293185,1,0,26.6355666106892,0
decentralized_greedy,hilly,medium,32022,0,9,762.5,4.4702429988017,0.496693666533523,24.0990990990991,5,717.975377385849,1,0,26.5872645369793,0
decentralized_greedy,hilly,medium,32022,0,10,731.25,4.46874197877339,0.446874197877339,22.4099099099099,5,736.024713385261,1,0,27.1851688735128,0
decentralized_greedy,hilly,medium,32023,0,1,3425,4.40578449126764,4.40578449126764,24.3888888888889,5,733.820370449609,0,0,18.6254492199733,0
decentralized_greedy,hilly,medium,32023,0,2,1918.75,4.41137517937339,2.20568758968669,23.7777777777778,5,742.815022433931,0,0,18.6499686792293,0
decentralized_greedy,hilly,medium,32023,0,3,1412.5,4.43347523683575,1.47782507894525,23.3888888888889,5,753.656001336354,0,0,18.8384528974921,0
decentralized_greedy,hilly,medium,32023,0,4,1175,4.40272313353902,1.10068078338475,23.2222222222222,5,727.402683120793,0,0,18.599226604795,1
decentralized_greedy,hilly,medium,32023,0,5,1006.25,4.41906894683603,0.883813789367206,21.5555555555556,5,769.153099972965,0,0,19.3321596973326,0
decentralized_greedy,hilly,medium,32023,0,6,912.5,4.41052213303856,0.735087022173094,20.6111111111111,5,795.195931925679,0,0,19.6785237246077,0
decentralized_greedy,hilly,medium,32023,0,7,843.75,4.40560249459922,0.629371784942746,21.5,5,757.343013030734,1,0,27.212098653311,0
decentralized_greedy,hilly,medium,32023,0,8,800,4.44918836925533,0.556148546156917,21.4444444444444,5,765.756464806449,1,0,27.4547838177988,0
decentralized_greedy,hilly,medium,32023,0,9,756.25,4.46968092833794,0.496631214259771,20.8888888888889,5,767.180705883767,1,0,27.7130721084586,0
decentralized_greedy,hilly,medium,32023,0,10,731.25,4.44707647735733,0.444707647735733,19.6666666666667,5,786.821943859892,1,0,28.0616655081835,0
decentralized_greedy,hilly,medium,32024,0,1,3343.75,4.4084015978244,4.4084015978244,24.1321388577828,5,746.894446761382,0,0,18.6943776460135,0
decentralized_greedy,hilly,medium,32024,0,2,1875,4.40388447406596,2.20194223703298,23.6282194848824,5,747.28581180449,0,0,18.5983161691409,1
decentralized_greedy,hilly,medium,32024,0,3,1381.25,4.40759015904123,1.46919671968041,23.4602463605823,5,762.538909111762,0,0,18.6527757147647,0
decentralized_greedy,hilly,medium,32024,0,4,1143.75,4.43212172756272,1.10803043189068,23.4602463605823,5,778.064841373259,0,0,18.8073319054664,0
decentralized_greedy,hilly,medium,32024,0,5,987.5,4.45867653209266,0.891735306418531,21.7245240761478,5,823.082877813355,1,0,27.6218772269164,0
decentralized_greedy,hilly,medium,32024,0,6,906.25,4.40197136337046,0.733661893895077,22.0044792833147,5,793.221721207258,0,0,19.1078690130687,0
decentralized_greedy,hilly,medium,32024,0,7,843.75,4.41162838360151,0.630232626228787,21.1646136618141,5,800.554476184132,0,0,19.4302235070407,0
decentralized_greedy,hilly,medium,32024,0,8,800,4.41862099817373,0.552327624771716,22.2284434490482,5,774.174258604215,1,0,27.0374956996057,0
decentralized_greedy,hilly,medium,32024,0,9,756.25,4.45691661218666,0.495212956909629,22.1724524076148,5,771.659613599436,1,0,27.2402965941286,0
decentralized_greedy,hilly,medium,32024,0,10,731.25,4.45292857591658,0.445292857591658,20.6606942889138,5,792.529654787182,1,0,27.7510754739197,0
decentralized_greedy,hilly,medium,32025,0,1,3437.5,4.40710413315297,4.40710413315297,25.3355704697987,5,707.976830513042,0,0,18.3792489904928,1
decentralized_greedy,hilly,medium,32025,0,2,1912.5,4.41253124752996,2.20626562376498,24.2170022371365,5,696.359013707704,0,0,18.4614634169499,0
decentralized_greedy,hilly,medium,32025,0,3,1425,4.4254674933079,1.47515583110263,24.0492170022371,5,699.445270905773,0,0,18.5100852496694,0
decentralized_greedy,hilly,medium,32025,0,4,1162.5,4.44531078513019,1.11132769628255,22.8747203579418,5,742.09791874389,0,0,19.1014306554116,0
decentralized_greedy,hilly,medium,32025,0,5,1018.75,4.44427167720735,0.88885433544147,21.8680089485459,5,734.322079539045,0,0,19.342846873328,0
decentralized_greedy,hilly,medium,32025,0,6,906.25,4.42191485498965,0.736985809164941,20.2460850111857,5,763.249874960284,0,0,19.8452147073452,0
decentralized_greedy,hilly,medium,32025,0,7,843.75,4.40071680637312,0.628673829481874,20.917225950783,5,729.903237769598,1,0,27.3927868159192,0
decentralized_greedy,hilly,medium,32025,0,8,800,4.43571358496607,0.554464198120759,20.5816554809843,5,747.048757036352,1,0,27.7163046378408,0
decentralized_greedy,hilly,medium,32025,0,9,768.75,4.46960717478575,0.496623019420639,21.5324384787472,5,709.149786207839,1,0,27.4040856298083,0
decentralized_greedy,hilly,medium,32025,0,10,725,4.42673634183252,0.442673634183252,20.0782997762864,5,749.225663577242,1,0,27.8269210815529,0
decentralized_greedy,hilly,medium,32026,0,1,3300,4.41670671817959,4.41670671817959,23.4188034188034,5,834.151418159172,0,0,19.2410479324228,0
decentralized_greedy,hilly,medium,32026,0,2,1887.5,4.40483489192059,2.2024174459603,24.6723646723647,5,760.534970714361,0,0,18.3664004843017,1
decentralized_greedy,hilly,medium,32026,0,3,1381.25,4.4169919192209,1.4723306397403,22.6780626780627,5,788.02815255941,0,0,19.0228940906568,0
decentralized_greedy,hilly,medium,32026,0,4,1131.25,4.40180312716815,1.10045078179204,21.3105413105413,5,813.879317076574,0,0,19.4043025896421,0
decentralized_greedy,hilly,medium,32026,0,5,987.5,4.41539232919637,0.883078465839274,20.2849002849003,5,825.814200251025,0,0,19.7864069251742,0
decentralized_greedy,hilly,medium,32026,0,6,912.5,4.44822515781903,0.741370859636505,21.3675213675214,5,779.649037149824,0,0,19.4566842764375,0
decentralized_greedy,hilly,medium,32026,0,7,856.25,4.41524151659263,0.630748788084661,21.9373219373219,5,751.804218961311,1,0,27.0448295344982,0
decentralized_greedy,hilly,medium,32026,0,8,818.75,4.4195759113038,0.552446988912976,20.7977207977208,5,744.932903151851,1,0,27.3793614135346,0
decentralized_greedy,hilly,medium,32026,0,9,762.5,4.42507206950658,0.49167467438962,21.3675213675214,5,735.268066233791,1,0,27.1948477074349,0
decentralized_greedy,hilly,medium,32026,0,10,756.25,4.46884686923945,0.446884686923945,21.994301994302,5,749.23457200739,0,0,19.2440820726444,0
decentralized_greedy,hilly,medium,32027,0,1,3468.75,4.40633372509195,4.40633372509195,25.5331088664422,5,725.006378579979,0,0,18.3283656864229,0
decentralized_greedy,hilly,medium,32027,0,2,1950,4.40661818264704,2.20330909132352,25.645342312009,5,707.726076109365,0,0,18.0130953649233,1
decentralized_greedy,hilly,medium,32027,0,3,1412.5,4.40028309011993,1.46676103003998,23.8496071829405,5,735.909888737869,0,0,18.54409775772,0
decentralized_greedy,hilly,medium,32027,0,4,1181.25,4.40618058568055,1.10154514642014,23.0078563411897,5,753.08986092753,0,0,18.8500856857841,0
decentralized_greedy,hilly,medium,32027,0,5,1025,4.41860550731335,0.88372110146267,23.34455667789,5,746.84198585253,0,0,18.760325003883,0
decentralized_greedy,hilly,medium,32027,0,6,925,4.46669826373878,0.74444971062313,22.2783389450056,5,758.261780617015,1,0,27.3231060330673,0
decentralized_greedy,hilly,medium,32027,0,7,843.75,4.41581569369485,0.630830813384978,20.8754208754209,5,785.723210534748,1,0,27.5991585642336,0
decentralized_greedy,hilly,medium,32027,0,8,787.5,4.42091402419899,0.552614253024874,19.8653198653199,5,792.756632604709,1,0,27.9418139742499,0
decentralized_greedy,hilly,medium,32027,0,9,762.5,4.44688804330553,0.494098671478392,20.9876543209877,5,741.432085891517,1,0,27.5377059916661,0
decentralized_greedy,hilly,medium,32027,0,10,731.25,4.45780882685411,0.445780882685411,18.4624017957351,5,745.685573171946,1,0,28.3550520692406,0
decentralized_greedy,hilly,high,32042,0,1,3381.25,4.40603010536247,4.40603010536247,23.8253178551686,5,768.514273228611,0,0,18.8961013315801,0
decentralized_greedy,hilly,high,32042,0,2,1912.5,4.41520564769194,2.20760282384597,23.493642896628,5,759.975138672957,0,0,18.8040385299583,0
decentralized_greedy,hilly,high,32042,0,3,1400,4.40978276731624,1.46992758910541,21.8905472636816,5,801.245990265463,0,0,19.3564518215571,0
decentralized_greedy,hilly,high,32042,0,4,1175,4.42352474074563,1.10588118518641,22.4433388612493,5,778.447289768453,0,0,19.1551641797728,0
decentralized_greedy,hilly,high,32042,0,5,1050,4.43942983531671,0.887885967063343,23.9911553344389,5,737.187665725902,0,0,18.6019616672203,1
decentralized_greedy,hilly,high,32042,0,6,937.5,4.44022468518312,0.74003744753052,22.8302929795467,5,754.563551657145,0,0,19.0189414991236,0
decentralized_greedy,hilly,high,32042,0,7,856.25,4.41905447873769,0.631293496962527,21.4483139856274,5,773.582268770816,1,0,27.3498461046198,0
decentralized_greedy,hilly,high,32042,0,8,806.25,4.41682659460436,0.552103324325545,21.6694306246545,5,761.321182381756,1,0,27.2030390947344,0
decentralized_greedy,hilly,high,32042,0,9,768.75,4.44605101603007,0.494005668447786,22.1669430624654,5,752.18875492191,0,0,19.2253160499105,0
decentralized_greedy,hilly,high,32042,0,10,725,4.42357572442285,0.442357572442285,18.407960199005,5,802.589188705107,1,0,28.4091353272058,0
decentralized_greedy,hilly,high,32043,0,1,3356.25,4.40110401597014,4.40110401597014,23.7750556792873,5,778.740277963978,0,0,18.8997208316995,0
decentralized_greedy,hilly,high,32043,0,2,1887.5,4.40181079521517,2.20090539760758,23.5523385300668,5,744.281241954535,0,0,18.6177523922273,1
decentralized_greedy,hilly,high,32043,0,3,1356.25,4.40380072384799,1.467933574616,20.6570155902004,5,809.70334725344,0,0,19.6704453710543,0
decentralized_greedy,hilly,high,32043,0,4,1112.5,4.43786527287727,1.10946631821932,20.2115812917595,5,813.981578666344,0,0,20.0069594635321,0
decentralized_greedy,hilly,high,32043,0,5,987.5,4.41667054878342,0.883334109756685,19.7104677060134,5,822.45655552842,0,0,20.032137011985,0
decentralized_greedy,hilly,high,32043,0,6,906.25,4.44689547537461,0.741149245895768,21.1581291759465,5,797.701260561495,0,0,19.6886209188321,0
decentralized_greedy,hilly,high,32043,0,7,837.5,4.41570034801646,0.630814335430923,19.4877505567929,5,799.210205930036,0,0,19.9807991783813,0
decentralized_greedy,hilly,high,32043,0,8,781.25,4.44637361116829,0.555796701396036,19.7661469933185,5,817.803640141428,0,0,20.1611165383001,0
decentralized_greedy,hilly,high,32043,0,9,737.5,4.40148700662114,0.489054111846793,18.4298440979955,5,805.486397500009,1,0,28.2140795032839,0
decentralized_greedy,hilly,high,32043,0,10,700,4.40823147482403,0.440823147482403,16.7594654788419,5,822.160488467193,1,0,28.8177193097591,0
decentralized_greedy,hilly,high,32044,0,1,3493.75,4.4071262918824,4.4071262918824,26.7231638418079,5,678.589617637289,0,0,17.9090501482956,1
decentralized_greedy,hilly,high,32044,0,2,1906.25,4.41002332877979,2.20501166438989,24.4632768361582,5,737.992404396791,0,0,18.5411864584235,0
decentralized_greedy,hilly,high,32044,0,3,1387.5,4.41737938191277,1.47245979397092,22.9378531073446,5,761.921826708651,0,0,19.0306436355096,0
decentralized_greedy,hilly,high,32044,0,4,1175,4.43384006343959,1.1084600158599,23.728813559322,5,735.773894042473,0,0,18.774768184312,0
decentralized_greedy,hilly,high,32044,0,5,1031.25,4.40371250286447,0.880742500572895,23.4463276836158,5,734.627779415333,0,0,18.6760105937729,0
decentralized_greedy,hilly,high,32044,0,6,918.75,4.4512902965126,0.741881716085433,22.7118644067797,5,759.111568618959,0,0,19.2015532247284,0
decentralized_greedy,hilly,high,32044,0,7,843.75,4.45494837244474,0.636421196063535,21.7514124293785,5,771.873347121815,1,0,27.5345943601817,0
decentralized_greedy,hilly,high,32044,0,8,800,4.43240590757393,0.554050738446741,20.8474576271186,5,771.607349279679,1,0,27.679449163287,0
decentralized_greedy,hilly,high,32044,0,9,743.75,4.40220976693206,0.489134418548006,20.5084745762712,5,782.195377523917,1,0,27.6435387872592,0
decentralized_greedy,hilly,high,32044,0,10,743.75,4.45894042650999,0.445894042650999,20.9604519774011,5,783.566671737026,1,0,27.8118644067797,0
decentralized_greedy,hilly,high,32045,0,1,3306.25,4.4005926095176,4.4005926095176,23.8014664410603,5,764.524755072482,0,0,18.8562922091599,0
decentralized_greedy,hilly,high,32045,0,2,1868.75,4.40799036968603,2.20399518484302,23.9142695995488,5,758.528457877223,0,0,18.6006767178032,0
decentralized_greedy,hilly,high,32045,0,3,1412.5,4.4221144217128,1.47403814057093,24.4218838127468,5,747.586208060055,0,0,18.3841879573186,1
decentralized_greedy,hilly,high,32045,0,4,1156.25,4.41219984130485,1.10304996032621,22.8426395939086,5,768.334535713933,0,0,18.8878800009111,0
decentralized_greedy,hilly,high,32045,0,5,1018.75,4.42989362253085,0.88597872450617,22.2786238014664,5,767.421586098534,0,0,19.1173129481333,0
decentralized_greedy,hilly,high,32045,0,6,906.25,4.44823484341848,0.741372473903081,21.6018048505358,5,800.118531092321,0,0,19.5795962273654,0
decentralized_greedy,hilly,high,32045,0,7,850,4.44622228434225,0.635174612048892,22.7862380146644,5,766.149425976033,0,0,19.0116384156414,0
decentralized_greedy,hilly,high,32045,0,8,800,4.46170888082575,0.557713610103219,21.9966159052453,5,777.575839493747,1,0,27.3820114678039,0
decentralized_greedy,hilly,high,32045,0,9,750,4.45364227166574,0.494849141296193,20.360970107163,5,795.280405179444,1,0,27.9264296426845,0
decentralized_greedy,hilly,high,32045,0,10,737.5,4.42103819613447,0.442103819613447,21.2069937958263,5,791.956030458807,1,0,27.4916484687172,0
decentralized_greedy,hilly,high,32046,0,1,3318.75,4.40681265500472,4.40681265500472,23.8907849829352,5,771.869709436465,0,0,19.0382623319926,0
decentralized_greedy,hilly,high,32046,0,2,1912.5,4.40870384584758,2.20435192292379,24.7440273037543,5,731.760041921602,0,0,18.3596447191259,0
decentralized_greedy,hilly,high,32046,0,3,1400,4.41699458443161,1.47233152814387,24.2889647326507,5,738.951555906557,0,0,18.5083013451452,0
decentralized_greedy,hilly,high,32046,0,4,1168.75,4.43027766927111,1.10756941731778,25.3697383390216,5,716.234338526679,0,0,18.1105180008275,1
decentralized_greedy,hilly,high,32046,0,5,1018.75,4.45290652910694,0.890581305821387,23.6632536973834,5,745.929926253401,0,0,18.9038684616912,0
decentralized_greedy,hilly,high,32046,0,6,906.25,4.40914995431822,0.734858325719704,23.1513083048919,5,748.058320781922,0,0,18.7718844519412,0
decentralized_greedy,hilly,high,32046,0,7,843.75,4.41108232687567,0.630154618125096,22.3549488054608,5,765.347579654415,0,0,19.1066579041679,0
decentralized_greedy,hilly,high,32046,0,8,793.75,4.40926638107471,0.551158297634339,21.9567690557452,5,766.518090050544,1,0,27.2130541179699,0
decentralized_greedy,hilly,high,32046,0,9,762.5,4.41294702059848,0.490327446733165,22.9806598407281,5,724.632664446851,1,0,26.6986919760164,0
decentralized_greedy,hilly,high,32046,0,10,743.75,4.40595216512435,0.440595216512435,22.4118316268487,5,756.469263308684,1,0,26.9934074089197,0
decentralized_greedy,hilly,high,32047,0,1,3368.75,4.40253462514311,4.40253462514311,23.5948803561491,5,747.739858121652,0,0,18.9016839526556,0
decentralized_greedy,hilly,high,32047,0,2,1918.75,4.41205239859909,2.20602619929955,24.3739565943239,5,723.814608917609,0,0,18.4102308618153,1
decentralized_greedy,hilly,high,32047,0,3,1393.75,4.41115520162884,1.47038506720961,22.9271007234279,5,746.672913210591,0,0,18.8374882661929,0
decentralized_greedy,hilly,high,32047,0,4,1162.5,4.43271516087759,1.1081787902194,23.2609905397885,5,767.768171827384,0,0,18.8676947954182,0
decentralized_greedy,hilly,high,32047,0,5,987.5,4.42135020146576,0.884270040293153,20.9794101279911,5,805.718176645342,0,0,19.6029052329049,0
decentralized_greedy,hilly,high,32047,0,6,912.5,4.44830005350605,0.741383342251008,21.7028380634391,5,790.717388105206,0,0,19.4426445760989,0
decentralized_greedy,hilly,high,32047,0,7,850,4.47083880292511,0.638691257560731,21.8697829716194,5,778.705483739407,0,0,19.4418585691987,0
decentralized_greedy,hilly,high,32047,0,8,781.25,4.42197553947051,0.552746942433814,20.4785754034502,5,813.36855203185,0,0,19.7503248045372,0
decentralized_greedy,hilly,high,32047,0,9,750,4.46468273095462,0.496075858994958,20.8681135225376,5,789.180624040075,1,0,27.7352822387307,0
decentralized_greedy,hilly,high,32047,0,10,725,4.46135948220936,0.446135948220936,19.9220923761825,5,788.910148811267,1,0,27.9998039017458,0
